country,license_permit,license_source,gear_restrict,size_restrict,quota_tac,temp_closure,sp_ban,herbivore_prot,independent_state,territory_of,wgi_corruption,wgi_govt_effectiveness,wgi_polit_stability,wgi_regulatory_qual,wgi_rule_of_law,wgi_voice_account
ANG,Y,J Gumbs 2012,Y,Y,N,Y,N,N,0,UK,1.3,1.5,1.6,1.3,1.4,1
ANT,Y,1: Horsford 2015; 2: Barbuda Fisheries Regs 2014,Y,Y,Y,Y,Y,Y,1,,1.3,0.5,1,0.6,0.9,0.6
ARUB,Y,Boekhoudt 2015,Y,N,N,N,Y,Y,0,Netherlands,1.1,1.2,1.3,1.4,1.3,1.2
BAH,Y,Fisheries Resources (Jurisdiction and Conservation) 2010,Y,Y,Y,Y,N,N,1,,1.4,0.9,1.1,0.2,0.6,0.9
BARB,Y,1: McConney 2011; 2: Barbados Fisheries Act 2002,Y,Y,N,Y,N,Y,1,,1.6,1.3,1.3,0.4,1,1.2
BON,N,Jason's files,Y,Y,N,N,N,N,0,Netherlands,2,1.8,1.1,1.8,1.8,1.6
BVI,Y,Ramdeen et al 2014 BVI,Y,Y,N,Y,N,N,0,UK,1.7,1.5,0.5,1.8,1.7,1.3
CAY,Y,Marine Park Regulations & Conservation Laws 2008,Y,Y,Y,Y,Y,Y,0,UK,1.4,1.2,1.1,1.1,0.9,0.5
CUB,Y,1: Valle et al 2011; 2: Cuba 1996,Y,Y,Y,Y,N,Y,1,,0.1,-0.4,0.4,-1.6,-0.6,-1.4
CUR,Y,Vermeij & Chamberland 2012,Y,Y,N,N,N,N,0,Netherlands,2,1.8,1.1,1.8,1.8,1.6
DMA,Y,1: SOFRECO 2012; 2: Dominica Fisheries Act 1987,Y,Y,N,Y,N,N,1,,0.7,0.7,1.2,0.3,0.6,1
DOM,Y,Herrera et al 2011,Y,Y,N,Y,N,Y,1,,-0.8,-0.5,0.2,-0.1,-0.5,0.1
GREN,Y,Government of Grenada 1989-1999,Y,Y,N,Y,N,Y,1,,0.4,0.3,0.4,0.4,0.2,0.8
GUAD,Y,Chakall 1995,Y,Y,N,Y,N,Y,0,France,1.3,1.5,0.4,1.1,1.4,1.2
HAIT,Y,Décret 27 Octobre 1978 sur la pêche,Y,Y,N,Y,N,N,1,,-1.2,-1.5,-0.7,-0.9,-1.3,-0.8
JAM,Y,Jamaica 1976,Y,Y,Y,Y,N,N,1,,-0.4,0,0.2,0.2,-0.4,0.5
MART,Y,Iborra Martin 2007,Y,Y,Y,Y,Y,Y,0,France,0.8,0.7,0.7,0.8,0.9,0.6
MONT,Y,Fisheries Act 2002,N,Y,N,N,N,N,0,UK,1.7,1.5,0.5,1.8,1.7,1.3
PUER,Y,Rodriguez Rivera 2004,Y,Y,Y,Y,Y,N,0,US,0.5,0.4,0.3,0.8,0.7,0.7
SABA,Y,Toller & Lundvall 2008,Y,Y,N,N,N,N,0,Netherlands,2,1.8,1.1,1.8,1.8,1.6
BART,Y,GRENAT n.d.,Y,Y,N,Y,Y,Y,0,France,1.3,1.5,0.4,1.1,1.4,1.2
SMART,Y,source??,Y,Y,N,Y,Y,Y,0,France,1.3,1.5,0.4,1.1,1.4,1.2
EUST,Y,St Eustatius 2008,Y,Y,Y,N,N,N,0,Netherlands,2,1.8,1.1,1.8,1.8,1.6
MAAR,N,DCNA 2006,Y,Y,N,N,Y,N,0,Netherlands,2,1.8,1.1,1.8,1.8,1.6
KITTS,Y,St. Kitts & Nevis 1985,Y,Y,N,Y,N,N,1,,1,0.9,1,0.4,0.7,1.1
SLUC,Y,George et al 2015,Y,Y,N,Y,N,Y,1,,1.2,1,0.9,0.4,0.7,1.2
VINC,Y,Blackman & Mattai 2007,Y,Y,N,Y,N,Y,1,,1,0.9,0.9,0.3,0.9,1
TRIN,Y,Fisheries Division 2013,Y,Y,N,Y,N,N,1,,-0.4,0.3,0.1,0.2,-0.2,0.4
TURK,Y,Lockhart 2007,Y,Y,N,Y,Y,Y,0,UK,1.7,1.5,0.5,1.8,1.7,1.3
USVI,Y,DPNR 2012,Y,Y,Y,Y,Y,Y,0,US,0.8,1.3,1,0.6,0.9,0.8
